rule_idx	rule	rule_regex	rule_len
0	∅ -> h / [+begin/end] [-C/V, +syllabic, -stress, -long, -consonantal, +sonorant, +continuant, +approximant, -tap, -trill, -nasal, +voice, -spread.gl, -constr.gl, -LABIAL, -round, -labiodental, -CORONAL, -lateral, +DORSAL, -high, +low, -front, -back] __ [+C/V, -syllabic, -stress, -long, +consonantal, -sonorant, -continuant, +delayed.release, -approximant, -tap, -trill, -nasal, -voice, -spread.gl, -constr.gl, -LABIAL, -round, -labiodental, +CORONAL, +anterior, -distributed, +strident, -lateral, -DORSAL] [-C/V, +syllabic, -stress, -long, -consonantal, +sonorant, +continuant, +approximant, -tap, -trill, -nasal, +voice, -spread.gl, -constr.gl, -LABIAL, -round, -labiodental, -CORONAL, -lateral, +DORSAL, +high, -low, -front, -back, +tense] [-begin/end]	∅ -> h / (⋊) (a) __ (t͡s) (ɨ) (⋉)	755
1	ɨ -> i / [+begin/end] [+C/V, -syllabic, -stress, -long, +consonantal, -sonorant, +continuant, +delayed.release, -approximant, -tap, -trill, -nasal, -voice, -spread.gl, -constr.gl, -LABIAL, -round, -labiodental, +CORONAL, +anterior, -distributed, +strident, -lateral, -DORSAL] __ [+C/V, -syllabic, -stress, -long, -consonantal, +sonorant, +continuant, +approximant, -tap, -trill, -nasal, +voice, -spread.gl, +constr.gl, -LABIAL, -round, -labiodental, -CORONAL, -lateral, +DORSAL, +high, -low, +front, -back, +tense] [-C/V, +syllabic, -stress, -long, -consonantal, +sonorant, +continuant, +approximant, -tap, -trill, -nasal, +voice, -spread.gl, -constr.gl, +LABIAL, +round, -labiodental, -CORONAL, -lateral, +DORSAL, -high, -low, -front, +back, +tense] [-begin/end]	ɨ -> i / (⋊) (s) __ (ˀj) (o) (⋉)	763
2	ɨ -> i / X [+C/V, -syllabic, -stress, -long, +consonantal, -sonorant, +delayed.release, -approximant, -tap, -trill, -nasal, -voice, -spread.gl, -constr.gl, -LABIAL, -round, -labiodental, +CORONAL, +anterior, -distributed, +strident, -lateral, -DORSAL] __ X	ɨ -> i / (s|t͡s) __ 	256
3	ɨ -> i / [+begin/end] [-C/V, +syllabic, -stress, -long, -consonantal, +sonorant, +continuant, +approximant, -tap, -trill, -nasal, +voice, -spread.gl, -constr.gl, -LABIAL, -round, -labiodental, -CORONAL, -lateral, +DORSAL, -high, +low, -front, -back] [+C/V, -syllabic, -stress, -long, +consonantal, -sonorant, -continuant, +delayed.release, -approximant, -tap, -trill, -nasal, -voice, -spread.gl, -constr.gl, -LABIAL, -round, -labiodental, +CORONAL, +anterior, -distributed, +strident, -lateral, -DORSAL] __ [-begin/end]	ɨ -> i / (⋊) (a) (t͡s) __ (⋉)	519
4	∅ -> a / [+begin/end] [-C/V, +syllabic, -stress, -long, -consonantal, +sonorant, +continuant, +approximant, -tap, -trill, -nasal, +voice, -spread.gl, -constr.gl, -LABIAL, -round, -labiodental, -CORONAL, -lateral, +DORSAL, -high, +low, -front, -back] [+C/V, -syllabic, -stress, -long, +consonantal, -sonorant, -continuant, +delayed.release, -approximant, -tap, -trill, -nasal, -voice, -spread.gl, -constr.gl, -LABIAL, -round, -labiodental, +CORONAL, +anterior, -distributed, +strident, -lateral, -DORSAL] [-C/V, +syllabic, -stress, -long, -consonantal, +sonorant, +continuant, +approximant, -tap, -trill, -nasal, +voice, -spread.gl, -constr.gl, -LABIAL, -round, -labiodental, -CORONAL, -lateral, +DORSAL, +high, -low, -front, -back, +tense] __ [-begin/end]	∅ -> a / (⋊) (a) (t͡s) (ɨ) __ (⋉)	755
5	∅ -> a / [+begin/end] [+C/V, -syllabic, -stress, -long, +consonantal, -sonorant, -continuant, +delayed.release, -approximant, -tap, -trill, -nasal, -voice, -spread.gl, -constr.gl, -LABIAL, -round, -labiodental, +CORONAL, +anterior, -distributed, +strident, -lateral, -DORSAL] [-C/V, +syllabic, -stress, -long, -consonantal, +sonorant, +continuant, +approximant, -tap, -trill, -nasal, +voice, -spread.gl, -constr.gl, +LABIAL, +round, -labiodental, -CORONAL, -lateral, +DORSAL, +high, -low, -front, +back, +tense] [+C/V, -syllabic, -stress, -long, +consonantal, -sonorant, +continuant, +delayed.release, -approximant, -tap, -trill, -nasal, -voice, -spread.gl, -constr.gl, -LABIAL, -round, -labiodental, +CORONAL, +anterior, -distributed, +strident, -lateral, -DORSAL] [-C/V, +syllabic, -stress, -long, -consonantal, +sonorant, +continuant, +approximant, -tap, -trill, -nasal, +voice, -spread.gl, -constr.gl, -LABIAL, -round, -labiodental, -CORONAL, -lateral, +DORSAL, +high, -low, +front, -back, +tense] __ [-begin/end]	∅ -> a / (⋊) (t͡s) (u) (s) (i) __ (⋉)	1017
6	∅ -> a / X [-C/V, +syllabic, -stress, -long, -consonantal, +sonorant, +continuant, +approximant, -tap, -trill, -nasal, +voice, -spread.gl, -constr.gl, -LABIAL, -round, -labiodental, -CORONAL, -lateral, +DORSAL, +high, -low, -back, +tense] __ [-begin/end]	∅ -> a / (ɨ|i) __ (⋉)	254
7	∅ -> m / [+begin/end] [-C/V, +syllabic, -stress, -long, -consonantal, +sonorant, +continuant, +approximant, -tap, -trill, -nasal, +voice, -spread.gl, -constr.gl, -LABIAL, -round, -labiodental, -CORONAL, -lateral, +DORSAL, -high, +low, -front, -back] [+C/V, -syllabic, -stress, -long, +consonantal, -sonorant, -continuant, +delayed.release, -approximant, -tap, -trill, -nasal, -voice, -spread.gl, -constr.gl, -LABIAL, -round, -labiodental, +CORONAL, +anterior, -distributed, +strident, -lateral, -DORSAL] [-C/V, +syllabic, -stress, -long, -consonantal, +sonorant, +continuant, +approximant, -tap, -trill, -nasal, +voice, -spread.gl, -constr.gl, -LABIAL, -round, -labiodental, -CORONAL, -lateral, +DORSAL, +high, -low, -front, -back, +tense] __ [-begin/end]	∅ -> m / (⋊) (a) (t͡s) (ɨ) __ (⋉)	755
8	ɨ̃ -> ɨ / [+begin/end] __ [+C/V, -syllabic, -stress, -long, +consonantal, -sonorant, -continuant, -delayed.release, -approximant, -tap, -trill, -nasal, -voice, -spread.gl, +constr.gl, -LABIAL, +round, -labiodental, -CORONAL, -lateral, +DORSAL, +high, -low] [-C/V, +syllabic, -stress, -long, -consonantal, +sonorant, +continuant, +approximant, -tap, -trill, -nasal, +voice, -spread.gl, -constr.gl, -LABIAL, -round, -labiodental, -CORONAL, -lateral, +DORSAL, -high, -low, +front, -back, +tense] [-begin/end]	ɨ̃ -> ɨ / (⋊) __ (kʷˀ) (e) (⋉)	505
9	ɨ̃ -> ɨ / X __ [+C/V, -syllabic, -stress, -long, +consonantal, -sonorant, -continuant, -delayed.release, -approximant, -tap, -trill, -nasal, -voice, -spread.gl, -LABIAL, -labiodental, -lateral] X	ɨ̃ -> ɨ /  __ (ʔ|k|t|kʲ|kʷ|kʷˀ|kˀ|tʲ|tˀ|ʔʷ|ˀk|ˀt)	195
10	ɨ̃ -> ɨ / [+begin/end] [+C/V, -syllabic, -stress, -long, +consonantal, -sonorant, -continuant, -delayed.release, -approximant, -tap, -trill, -nasal, -voice, -spread.gl, +constr.gl, -LABIAL, -round, -labiodental, -CORONAL, -lateral, +DORSAL, +high, -low] __ [+C/V, -syllabic, -stress, -long, +consonantal, -sonorant, -continuant, -delayed.release, -approximant, -tap, -trill, -nasal, -voice, -spread.gl, -constr.gl, -LABIAL, -round, -labiodental, +CORONAL, +anterior, -distributed, -strident, -lateral, -DORSAL] [-C/V, +syllabic, -stress, -long, -consonantal, +sonorant, +continuant, +approximant, -tap, -trill, -nasal, +voice, -spread.gl, -constr.gl, -LABIAL, -round, -labiodental, -CORONAL, -lateral, +DORSAL, -high, +low, -front, -back] [-begin/end]	ɨ̃ -> ɨ / (⋊) (kˀ|ˀk) __ (t|tʲ) (a) (⋉)	751
11	ɨ̃ -> ɨ / [+begin/end] [+C/V, -syllabic, -stress, -long, +consonantal, -sonorant, -continuant, +delayed.release, -approximant, -tap, -trill, -nasal, -voice, -spread.gl, -constr.gl, -LABIAL, -round, -labiodental, +CORONAL, +anterior, -distributed, +strident, -lateral, -DORSAL] __ [+C/V, -syllabic, -stress, -long, +consonantal, -sonorant, -continuant, -delayed.release, -approximant, -tap, -trill, -nasal, -voice, -spread.gl, +constr.gl, +LABIAL, -round, -labiodental, -CORONAL, -lateral, -DORSAL] [-C/V, +syllabic, -stress, -long, -consonantal, +sonorant, +continuant, +approximant, -tap, -trill, -nasal, +voice, -spread.gl, -constr.gl, -LABIAL, -round, -labiodental, -CORONAL, -lateral, +DORSAL, -high, -low, +front, -back, +tense] [-begin/end]	ɨ̃ -> ɨ / (⋊) (t͡s) __ (pˀ|ˀp) (e) (⋉)	746
12	ɨ̃ -> ɨ / X __ [+C/V, -syllabic, -stress, -long, +consonantal, -sonorant, -continuant, -delayed.release, -approximant, -tap, -trill, -nasal, -voice, -spread.gl, +constr.gl, -labiodental, -CORONAL, -lateral] X	ɨ̃ -> ɨ /  __ (ʔ|kʷˀ|kˀ|pˀ|ʔʷ|ˀk|ˀp)	208
13	ɨ̃ -> ɨ / X [+C/V, -syllabic, -stress, -long, +consonantal, -sonorant, -continuant, -approximant, -tap, -trill, -nasal, -voice, -spread.gl, -LABIAL, -round, -labiodental, -lateral] __ [+C/V, -syllabic, -stress, -long, +consonantal, -sonorant, -continuant, -delayed.release, -approximant, -tap, -trill, -nasal, -voice, -spread.gl, -round, -labiodental, -lateral, -DORSAL] X	ɨ̃ -> ɨ / (ʔ|k|t|t͡ʃ|t͡s|kʲ|kˀ|tʲ|tˀ|ˀk|ˀt) __ (ʔ|t|p|pˀ|tʲ|tˀ|ˀp|ˀt)	372
14	ɨ̃ -> ɨ / X __ [+C/V, -syllabic, -stress, -long, +consonantal, -sonorant, -continuant, -delayed.release, -approximant, -tap, -trill, -nasal, -voice, -spread.gl, -labiodental, -lateral] X	ɨ̃ -> ɨ /  __ (ʔ|k|t|p|kʲ|kʷ|kʷˀ|kˀ|pˀ|tʲ|tˀ|ʔʷ|ˀk|ˀp|ˀt)	186
15	kʷˀ -> ɡ / [+begin/end] [-C/V, +syllabic, -stress, -long, -consonantal, +sonorant, +continuant, +approximant, -tap, -trill, +nasal, +voice, -spread.gl, -constr.gl, -LABIAL, -round, -labiodental, -CORONAL, -lateral, +DORSAL, +high, -low, -front, -back, +tense] __ [-C/V, +syllabic, -stress, -long, -consonantal, +sonorant, +continuant, +approximant, -tap, -trill, -nasal, +voice, -spread.gl, -constr.gl, -LABIAL, -round, -labiodental, -CORONAL, -lateral, +DORSAL, -high, -low, +front, -back, +tense] [-begin/end]	kʷˀ -> ɡ / (⋊) (ɨ̃) __ (e) (⋉)	511
16	e -> ɨ / [+begin/end] [+C/V, -syllabic, -stress, -long, +consonantal, -sonorant, -continuant, +delayed.release, -approximant, -tap, -trill, -nasal, -voice, -spread.gl, -constr.gl, -LABIAL, -round, -labiodental, +CORONAL, +anterior, -distributed, +strident, -lateral, -DORSAL] [-C/V, +syllabic, -stress, -long, -consonantal, +sonorant, +continuant, +approximant, -tap, -trill, +nasal, +voice, -spread.gl, -constr.gl, -LABIAL, -round, -labiodental, -CORONAL, -lateral, +DORSAL, +high, -low, -front, -back, +tense] [+C/V, -syllabic, -stress, -long, +consonantal, -sonorant, -continuant, -delayed.release, -approximant, -tap, -trill, -nasal, -voice, -spread.gl, +constr.gl, +LABIAL, -round, -labiodental, -CORONAL, -lateral, -DORSAL] __ [-begin/end]	e -> ɨ / (⋊) (t͡s) (ɨ̃) (pˀ|ˀp) __ (⋉)	745
17	e -> ɨ / [+begin/end] [-C/V, +syllabic, -stress, -long, -consonantal, +sonorant, +continuant, +approximant, -tap, -trill, +nasal, +voice, -spread.gl, -constr.gl, -LABIAL, -round, -labiodental, -CORONAL, -lateral, +DORSAL, +high, -low, -front, -back, +tense] [+C/V, -syllabic, -stress, -long, +consonantal, -sonorant, -continuant, -delayed.release, -approximant, -tap, -trill, -nasal, -voice, -spread.gl, +constr.gl, -LABIAL, +round, -labiodental, -CORONAL, -lateral, +DORSAL, +high, -low] __ [-begin/end]	e -> ɨ / (⋊) (ɨ̃) (kʷˀ) __ (⋉)	504
18	e -> ɨ / X [+C/V, -syllabic, -stress, -long, +consonantal, -sonorant, -continuant, -delayed.release, -approximant, -tap, -trill, -nasal, -voice, -spread.gl, +constr.gl, -labiodental, -CORONAL, -lateral] __ [-begin/end]	e -> ɨ / (ʔ|kʷˀ|kˀ|pˀ|ʔʷ|ˀk|ˀp) __ (⋉)	218
19	∅ -> ɾ / [+begin/end] [+C/V, -syllabic, -stress, -long, +consonantal, -sonorant, -continuant, -delayed.release, -approximant, -tap, -trill, -nasal, -voice, -spread.gl, -constr.gl, +LABIAL, -round, -labiodental, -CORONAL, -lateral, -DORSAL] [-C/V, +syllabic, -stress, -long, -consonantal, +sonorant, +continuant, +approximant, -tap, -trill, -nasal, +voice, -spread.gl, -constr.gl, +LABIAL, +round, -labiodental, -CORONAL, -lateral, +DORSAL, +high, -low, -front, +back, +tense] __ [-begin/end]	∅ -> ɾ / (⋊) (p) (u) __ (⋉)	491
20	∅ -> ɾ / X [-C/V, +syllabic, -stress, -long, -consonantal, +sonorant, +continuant, +approximant, -tap, -trill, +voice, -spread.gl, -constr.gl, +LABIAL, +round, -labiodental, -CORONAL, -lateral, +DORSAL, +high, -low, -front, +back, +tense] __ [-begin/end]	∅ -> ɾ / (u|ũ) __ (⋉)	254
21	∅ -> ɾ / [+begin/end] [+C/V, -syllabic, -stress, -long, +consonantal, -sonorant, -continuant, -delayed.release, -approximant, -tap, -trill, -nasal, -voice, -spread.gl, -constr.gl, -LABIAL, -round, -labiodental, -CORONAL, -lateral, +DORSAL, +high, -low] [-C/V, +syllabic, -stress, -long, -consonantal, +sonorant, +continuant, +approximant, -tap, -trill, +nasal, +voice, -spread.gl, -constr.gl, +LABIAL, +round, -labiodental, -CORONAL, -lateral, +DORSAL, +high, -low, -front, +back, +tense] __ [-begin/end]	∅ -> ɾ / (⋊) (k|kʲ) (ũ) __ (⋉)	504
22	∅ -> ĩ / [+begin/end] [+C/V, -syllabic, -stress, -long, +consonantal, -sonorant, -continuant, -delayed.release, -approximant, -tap, -trill, -nasal, -voice, -spread.gl, -constr.gl, -LABIAL, -round, -labiodental, -CORONAL, -lateral, +DORSAL, +high, -low] [-C/V, +syllabic, -stress, -long, -consonantal, +sonorant, +continuant, +approximant, -tap, -trill, +nasal, +voice, -spread.gl, -constr.gl, +LABIAL, +round, -labiodental, -CORONAL, -lateral, +DORSAL, +high, -low, -front, +back, +tense] __ [-begin/end]	∅ -> ĩ / (⋊) (k|kʲ) (ũ) __ (⋉)	504
23	kʷ -> k / [+begin/end] __ [-C/V, +syllabic, -stress, -long, -consonantal, +sonorant, +continuant, +approximant, -tap, -trill, -nasal, +voice, -spread.gl, -constr.gl, -LABIAL, -round, -labiodental, -CORONAL, -lateral, +DORSAL, +high, -low, -front, -back, +tense] [+C/V, -syllabic, -stress, -long, +consonantal, -sonorant, -continuant, -delayed.release, -approximant, -tap, -trill, -nasal, -voice, -spread.gl, +constr.gl, -LABIAL, -round, -labiodental, +CORONAL, +anterior, -distributed, -strident, -lateral, -DORSAL] [-C/V, +syllabic, -stress, -long, -consonantal, +sonorant, +continuant, +approximant, -tap, -trill, -nasal, +voice, -spread.gl, -constr.gl, -LABIAL, -round, -labiodental, -CORONAL, -lateral, +DORSAL, -high, -low, +front, -back, +tense] [-begin/end]	kʷ -> k / (⋊) __ (ɨ) (tˀ|ˀt) (e) (⋉)	764
24	ɨ -> o / [+begin/end] [+C/V, -syllabic, -stress, -long, +consonantal, -sonorant, -continuant, -delayed.release, -approximant, -tap, -trill, -nasal, -voice, -spread.gl, -constr.gl, -LABIAL, +round, -labiodental, -CORONAL, -lateral, +DORSAL, +high, -low] __ [+C/V, -syllabic, -stress, -long, +consonantal, -sonorant, -continuant, -delayed.release, -approximant, -tap, -trill, -nasal, -voice, -spread.gl, +constr.gl, -LABIAL, -round, -labiodental, +CORONAL, +anterior, -distributed, -strident, -lateral, -DORSAL] [-C/V, +syllabic, -stress, -long, -consonantal, +sonorant, +continuant, +approximant, -tap, -trill, -nasal, +voice, -spread.gl, -constr.gl, -LABIAL, -round, -labiodental, -CORONAL, -lateral, +DORSAL, -high, -low, +front, -back, +tense] [-begin/end]	ɨ -> o / (⋊) (kʷ) __ (tˀ|ˀt) (e) (⋉)	758
25	tˀ -> ɾ / [+begin/end] [+C/V, -syllabic, -stress, -long, +consonantal, -sonorant, -continuant, -delayed.release, -approximant, -tap, -trill, -nasal, -voice, -spread.gl, -constr.gl, -LABIAL, +round, -labiodental, -CORONAL, -lateral, +DORSAL, +high, -low] [-C/V, +syllabic, -stress, -long, -consonantal, +sonorant, +continuant, +approximant, -tap, -trill, -nasal, +voice, -spread.gl, -constr.gl, -LABIAL, -round, -labiodental, -CORONAL, -lateral, +DORSAL, +high, -low, -front, -back, +tense] __ [-C/V, +syllabic, -stress, -long, -consonantal, +sonorant, +continuant, +approximant, -tap, -trill, -nasal, +voice, -spread.gl, -constr.gl, -LABIAL, -round, -labiodental, -CORONAL, -lateral, +DORSAL, -high, -low, +front, -back, +tense] [-begin/end]	tˀ -> ɾ / (⋊) (kʷ) (ɨ) __ (e) (⋉)	741
26	pˀ -> b / [+begin/end] __ [-C/V, +syllabic, -stress, -long, -consonantal, +sonorant, +continuant, +approximant, -tap, -trill, -nasal, +voice, -spread.gl, -constr.gl, -LABIAL, -round, -labiodental, -CORONAL, -lateral, +DORSAL, +high, -low, -front, -back, +tense] [+C/V, -syllabic, -stress, -long, +consonantal, -sonorant, -continuant, -delayed.release, -approximant, -tap, -trill, -nasal, -voice, -spread.gl, -constr.gl, +LABIAL, -round, -labiodental, -CORONAL, -lateral, -DORSAL] [-C/V, +syllabic, -stress, -long, -consonantal, +sonorant, +continuant, +approximant, -tap, -trill, -nasal, +voice, -spread.gl, -constr.gl, -LABIAL, -round, -labiodental, -CORONAL, -lateral, +DORSAL, +high, -low, -front, -back, +tense] [-begin/end]	pˀ -> b / (⋊) __ (ɨ) (p) (ɨ) (⋉)	728
27	p -> b / [+begin/end] [+C/V, -syllabic, -stress, -long, +consonantal, -sonorant, -continuant, -delayed.release, -approximant, -tap, -trill, -nasal, -voice, -spread.gl, +constr.gl, +LABIAL, -round, -labiodental, -CORONAL, -lateral, -DORSAL] [-C/V, +syllabic, -stress, -long, -consonantal, +sonorant, +continuant, +approximant, -tap, -trill, -nasal, +voice, -spread.gl, -constr.gl, -LABIAL, -round, -labiodental, -CORONAL, -lateral, +DORSAL, +high, -low, -front, -back, +tense] __ [-C/V, +syllabic, -stress, -long, -consonantal, +sonorant, +continuant, +approximant, -tap, -trill, -nasal, +voice, -spread.gl, -constr.gl, -LABIAL, -round, -labiodental, -CORONAL, -lateral, +DORSAL, +high, -low, -front, -back, +tense] [-begin/end]	p -> b / (⋊) (pˀ|ˀp) (ɨ) __ (ɨ) (⋉)	727
28	pˀ -> m / X __ [-C/V, +syllabic, -stress, -long, -consonantal, +sonorant, +continuant, +approximant, -tap, -trill, +voice, -spread.gl, -constr.gl, -LABIAL, -round, -labiodental, -CORONAL, -lateral, +DORSAL, -front, -back] X	pˀ -> m /  __ (a|ɨ|ã|ɨ̃)	223
29	pˀ -> m / [+begin/end] [+C/V, -syllabic, -stress, -long, +consonantal, -sonorant, -continuant, +delayed.release, -approximant, -tap, -trill, -nasal, -voice, -spread.gl, -constr.gl, -LABIAL, -round, -labiodental, +CORONAL, -anterior, +distributed, +strident, -lateral, -DORSAL] [-C/V, +syllabic, -stress, -long, -consonantal, +sonorant, +continuant, +approximant, -tap, -trill, +nasal, +voice, -spread.gl, -constr.gl, +LABIAL, +round, -labiodental, -CORONAL, -lateral, +DORSAL, -high, -low, -front, +back, +tense] __ [-C/V, +syllabic, -stress, -long, -consonantal, +sonorant, +continuant, +approximant, -tap, -trill, -nasal, +voice, -spread.gl, -constr.gl, -LABIAL, -round, -labiodental, -CORONAL, -lateral, +DORSAL, +high, -low, -front, -back, +tense] [-begin/end]	pˀ -> m / (⋊) (t͡ʃ) (õ) __ (ɨ) (⋉)	764
30	pˀ -> m / X __ [-C/V, +syllabic, -stress, -long, -consonantal, +sonorant, +continuant, +approximant, -tap, -trill, +voice, -spread.gl, -constr.gl, -LABIAL, -round, -labiodental, -CORONAL, -lateral, +DORSAL, -high, -back] X	pˀ -> m /  __ (a|e|ã|ẽ)	222
31	pˀ -> m / X __ [-C/V, +syllabic, -stress, -long, -consonantal, +sonorant, +continuant, +approximant, -tap, -trill, +voice, -spread.gl, -constr.gl, -LABIAL, -round, -labiodental, -CORONAL, -lateral, +DORSAL, -back] X	pˀ -> m /  __ (a|e|ɨ|i|ã|ĩ|ɨ̃|ẽ)	215
32	pˀ -> m / [+begin/end] __ [-C/V, +syllabic, -stress, -long, -consonantal, +sonorant, +continuant, +approximant, -tap, -trill, +nasal, +voice, -spread.gl, -constr.gl, -LABIAL, -round, -labiodental, -CORONAL, -lateral, +DORSAL, -high, +low, -front, -back] [+C/V, -syllabic, -stress, -long, +consonantal, -sonorant, -continuant, +delayed.release, -approximant, -tap, -trill, -nasal, -voice, -spread.gl, -constr.gl, -LABIAL, -round, -labiodental, +CORONAL, +anterior, -distributed, +strident, -lateral, -DORSAL] [-C/V, +syllabic, -stress, -long, -consonantal, +sonorant, +continuant, +approximant, -tap, -trill, +nasal, +voice, -spread.gl, -constr.gl, -LABIAL, -round, -labiodental, -CORONAL, -lateral, +DORSAL, -high, +low, -front, -back] [-begin/end]	pˀ -> m / (⋊) __ (ã) (t͡s) (ã) (⋉)	748
33	pˀ -> m / X [-C/V, +syllabic, -stress, -long, -consonantal, +sonorant, +continuant, +approximant, -tap, -trill, +nasal, +voice, -spread.gl, -constr.gl, -labiodental, -CORONAL, -lateral, +DORSAL, -low, -front, +tense] __ [-C/V, +syllabic, -stress, -long, -consonantal, +sonorant, +continuant, +approximant, -tap, -trill, -nasal, +voice, -spread.gl, -constr.gl, -LABIAL, -round, -labiodental, -CORONAL, -lateral, +DORSAL, -low, -back, +tense] X	pˀ -> m / (õ|ũ|ɨ̃) __ (e|ɨ|i)	442
34	pˀ -> m / [+begin/end] [+C/V, -syllabic, -stress, -long, +consonantal, -sonorant, -continuant, +delayed.release, -approximant, -tap, -trill, -nasal, -voice, -spread.gl, -constr.gl, -LABIAL, -round, -labiodental, +CORONAL, +anterior, -distributed, +strident, -lateral, -DORSAL] [-C/V, +syllabic, -stress, -long, -consonantal, +sonorant, +continuant, +approximant, -tap, -trill, +nasal, +voice, -spread.gl, -constr.gl, -LABIAL, -round, -labiodental, -CORONAL, -lateral, +DORSAL, +high, -low, -front, -back, +tense] __ [-C/V, +syllabic, -stress, -long, -consonantal, +sonorant, +continuant, +approximant, -tap, -trill, -nasal, +voice, -spread.gl, -constr.gl, -LABIAL, -round, -labiodental, -CORONAL, -lateral, +DORSAL, -high, -low, +front, -back, +tense] [-begin/end]	pˀ -> m / (⋊) (t͡s) (ɨ̃) __ (e) (⋉)	764
35	∅ -> i / [+begin/end] __ [+C/V, -syllabic, -stress, -long, +consonantal, -sonorant, -continuant, +delayed.release, -approximant, -tap, -trill, -nasal, -voice, -spread.gl, -constr.gl, -LABIAL, -round, -labiodental, +CORONAL, +anterior, -distributed, +strident, -lateral, -DORSAL] [-C/V, +syllabic, -stress, -long, -consonantal, +sonorant, +continuant, +approximant, -tap, -trill, -nasal, +voice, -spread.gl, -constr.gl, -LABIAL, -round, -labiodental, -CORONAL, -lateral, +DORSAL, +high, -low, -front, -back, +tense] [+C/V, -syllabic, -stress, -long, +consonantal, -sonorant, +continuant, +delayed.release, -approximant, -tap, -trill, -nasal, -voice, -spread.gl, -constr.gl, -LABIAL, -round, -labiodental, +CORONAL, +anterior, -distributed, +strident, -lateral, -DORSAL] [-C/V, +syllabic, -stress, -long, -consonantal, +sonorant, +continuant, +approximant, -tap, -trill, -nasal, +voice, -spread.gl, -constr.gl, -LABIAL, -round, -labiodental, -CORONAL, -lateral, +DORSAL, -high, -low, +front, -back, +tense] [-C/V, +syllabic, -stress, -long, -consonantal, +sonorant, +continuant, +approximant, -tap, -trill, -nasal, +voice, -spread.gl, -constr.gl, +LABIAL, +round, -labiodental, -CORONAL, -lateral, +DORSAL, -high, -low, -front, +back, +tense] [-begin/end]	∅ -> i / (⋊) __ (t͡s) (ɨ) (s) (e) (o) (⋉)	1253
36	∅ -> i / [+begin/end] [+C/V, -syllabic, -stress, -long, +consonantal, -sonorant, -continuant, -delayed.release, -approximant, -tap, -trill, -nasal, -voice, -spread.gl, -constr.gl, +LABIAL, -round, -labiodental, -CORONAL, -lateral, -DORSAL] [-C/V, +syllabic, -stress, -long, -consonantal, +sonorant, +continuant, +approximant, -tap, -trill, -nasal, +voice, -spread.gl, -constr.gl, +LABIAL, +round, -labiodental, -CORONAL, -lateral, +DORSAL, +high, -low, -front, +back, +tense] __ [-begin/end]	∅ -> i / (⋊) (p) (u) __ (⋉)	491
37	∅ -> i / X __ X	∅ -> i /  __ 	15
38	ˀj -> j / [+begin/end] [+C/V, -syllabic, -stress, -long, +consonantal, -sonorant, +continuant, +delayed.release, -approximant, -tap, -trill, -nasal, -voice, -spread.gl, -constr.gl, -LABIAL, -round, -labiodental, +CORONAL, +anterior, -distributed, +strident, -lateral, -DORSAL] [-C/V, +syllabic, -stress, -long, -consonantal, +sonorant, +continuant, +approximant, -tap, -trill, -nasal, +voice, -spread.gl, -constr.gl, -LABIAL, -round, -labiodental, -CORONAL, -lateral, +DORSAL, +high, -low, -front, -back, +tense] __ [-C/V, +syllabic, -stress, -long, -consonantal, +sonorant, +continuant, +approximant, -tap, -trill, -nasal, +voice, -spread.gl, -constr.gl, +LABIAL, +round, -labiodental, -CORONAL, -lateral, +DORSAL, -high, -low, -front, +back, +tense] [-begin/end]	ˀj -> j / (⋊) (s) (ɨ) __ (o) (⋉)	764
39	o -> u / [+begin/end] [+C/V, -syllabic, -stress, -long, +consonantal, -sonorant, +continuant, +delayed.release, -approximant, -tap, -trill, -nasal, -voice, -spread.gl, -constr.gl, -LABIAL, -round, -labiodental, +CORONAL, +anterior, -distributed, +strident, -lateral, -DORSAL] [-C/V, +syllabic, -stress, -long, -consonantal, +sonorant, +continuant, +approximant, -tap, -trill, -nasal, +voice, -spread.gl, -constr.gl, -LABIAL, -round, -labiodental, -CORONAL, -lateral, +DORSAL, +high, -low, -front, -back, +tense] [+C/V, -syllabic, -stress, -long, -consonantal, +sonorant, +continuant, +approximant, -tap, -trill, -nasal, +voice, -spread.gl, +constr.gl, -LABIAL, -round, -labiodental, -CORONAL, -lateral, +DORSAL, +high, -low, +front, -back, +tense] __ [-begin/end]	o -> u / (⋊) (s) (ɨ) (ˀj) __ (⋉)	763
40	õ -> ũ / [+begin/end] [+C/V, -syllabic, -stress, -long, +consonantal, -sonorant, -continuant, +delayed.release, -approximant, -tap, -trill, -nasal, -voice, -spread.gl, -constr.gl, -LABIAL, -round, -labiodental, +CORONAL, -anterior, +distributed, +strident, -lateral, -DORSAL] __ [+C/V, -syllabic, -stress, -long, +consonantal, -sonorant, -continuant, -delayed.release, -approximant, -tap, -trill, -nasal, -voice, -spread.gl, +constr.gl, +LABIAL, -round, -labiodental, -CORONAL, -lateral, -DORSAL] [-C/V, +syllabic, -stress, -long, -consonantal, +sonorant, +continuant, +approximant, -tap, -trill, -nasal, +voice, -spread.gl, -constr.gl, -LABIAL, -round, -labiodental, -CORONAL, -lateral, +DORSAL, +high, -low, -front, -back, +tense] [-begin/end]	õ -> ũ / (⋊) (t͡ʃ) __ (pˀ|ˀp) (ɨ) (⋉)	745
41	ɨ -> ũ / [+begin/end] [+C/V, -syllabic, -stress, -long, +consonantal, -sonorant, -continuant, +delayed.release, -approximant, -tap, -trill, -nasal, -voice, -spread.gl, -constr.gl, -LABIAL, -round, -labiodental, +CORONAL, -anterior, +distributed, +strident, -lateral, -DORSAL] [-C/V, +syllabic, -stress, -long, -consonantal, +sonorant, +continuant, +approximant, -tap, -trill, +nasal, +voice, -spread.gl, -constr.gl, +LABIAL, +round, -labiodental, -CORONAL, -lateral, +DORSAL, -high, -low, -front, +back, +tense] [+C/V, -syllabic, -stress, -long, +consonantal, -sonorant, -continuant, -delayed.release, -approximant, -tap, -trill, -nasal, -voice, -spread.gl, +constr.gl, +LABIAL, -round, -labiodental, -CORONAL, -lateral, -DORSAL] __ [-begin/end]	ɨ -> ũ / (⋊) (t͡ʃ) (õ) (pˀ|ˀp) __ (⋉)	745
42	t͡s -> t / [+begin/end] __ [-C/V, +syllabic, -stress, -long, -consonantal, +sonorant, +continuant, +approximant, -tap, -trill, -nasal, +voice, -spread.gl, -constr.gl, -LABIAL, -round, -labiodental, -CORONAL, -lateral, +DORSAL, +high, -low, +front, -back, +tense] [+C/V, -syllabic, -stress, +long, +consonantal, -sonorant, -continuant, -delayed.release, -approximant, -tap, -trill, -nasal, -voice, -spread.gl, -constr.gl, -LABIAL, -round, -labiodental, +CORONAL, +anterior, -distributed, -strident, -lateral, -DORSAL] [-C/V, +syllabic, -stress, -long, -consonantal, +sonorant, +continuant, +approximant, -tap, -trill, -nasal, +voice, -spread.gl, -constr.gl, -LABIAL, -round, -labiodental, -CORONAL, -lateral, +DORSAL, -high, +low, -front, -back] [-begin/end]	t͡s -> t / (⋊) __ (i) (tː) (a) (⋉)	757
43	tː -> t / [+begin/end] [+C/V, -syllabic, -stress, -long, +consonantal, -sonorant, -continuant, +delayed.release, -approximant, -tap, -trill, -nasal, -voice, -spread.gl, -constr.gl, -LABIAL, -round, -labiodental, +CORONAL, +anterior, -distributed, +strident, -lateral, -DORSAL] [-C/V, +syllabic, -stress, -long, -consonantal, +sonorant, +continuant, +approximant, -tap, -trill, -nasal, +voice, -spread.gl, -constr.gl, -LABIAL, -round, -labiodental, -CORONAL, -lateral, +DORSAL, +high, -low, +front, -back, +tense] __ [-C/V, +syllabic, -stress, -long, -consonantal, +sonorant, +continuant, +approximant, -tap, -trill, -nasal, +voice, -spread.gl, -constr.gl, -LABIAL, -round, -labiodental, -CORONAL, -lateral, +DORSAL, -high, +low, -front, -back] [-begin/end]	tː -> t / (⋊) (t͡s) (i) __ (a) (⋉)	756
44	t͡s -> d / [+begin/end] __ [-C/V, +syllabic, -stress, -long, -consonantal, +sonorant, +continuant, +approximant, -tap, -trill, -nasal, +voice, -spread.gl, -constr.gl, -LABIAL, -round, -labiodental, -CORONAL, -lateral, +DORSAL, +high, -low, -front, -back, +tense] [+C/V, -syllabic, -stress, -long, +consonantal, -sonorant, -continuant, -delayed.release, -approximant, -tap, -trill, -nasal, -voice, -spread.gl, -constr.gl, +LABIAL, -round, -labiodental, -CORONAL, -lateral, -DORSAL] [-C/V, +syllabic, -stress, -long, -consonantal, +sonorant, +continuant, +approximant, -tap, -trill, -nasal, +voice, -spread.gl, -constr.gl, +LABIAL, +round, -labiodental, -CORONAL, -lateral, +DORSAL, -high, -low, -front, +back, +tense] [-begin/end]	t͡s -> d / (⋊) __ (ɨ) (p) (o) (⋉)	729
45	o -> ɨ / [+begin/end] [+C/V, -syllabic, -stress, -long, +consonantal, -sonorant, -continuant, +delayed.release, -approximant, -tap, -trill, -nasal, -voice, -spread.gl, -constr.gl, -LABIAL, -round, -labiodental, +CORONAL, +anterior, -distributed, +strident, -lateral, -DORSAL] [-C/V, +syllabic, -stress, -long, -consonantal, +sonorant, +continuant, +approximant, -tap, -trill, -nasal, +voice, -spread.gl, -constr.gl, -LABIAL, -round, -labiodental, -CORONAL, -lateral, +DORSAL, +high, -low, -front, -back, +tense] [+C/V, -syllabic, -stress, -long, +consonantal, -sonorant, -continuant, -delayed.release, -approximant, -tap, -trill, -nasal, -voice, -spread.gl, -constr.gl, +LABIAL, -round, -labiodental, -CORONAL, -lateral, -DORSAL] __ [-begin/end]	o -> ɨ / (⋊) (t͡s) (ɨ) (p) __ (⋉)	745
46	∅ -> d / [+begin/end] __ [+C/V, -syllabic, -stress, -long, +consonantal, -sonorant, -continuant, +delayed.release, -approximant, -tap, -trill, -nasal, -voice, -spread.gl, -constr.gl, -LABIAL, -round, -labiodental, +CORONAL, +anterior, -distributed, +strident, -lateral, -DORSAL] [-C/V, +syllabic, -stress, -long, -consonantal, +sonorant, +continuant, +approximant, -tap, -trill, -nasal, +voice, -spread.gl, -constr.gl, -LABIAL, -round, -labiodental, -CORONAL, -lateral, +DORSAL, +high, -low, -front, -back, +tense] [+C/V, -syllabic, -stress, -long, +consonantal, -sonorant, +continuant, +delayed.release, -approximant, -tap, -trill, -nasal, -voice, -spread.gl, -constr.gl, -LABIAL, -round, -labiodental, +CORONAL, +anterior, -distributed, +strident, -lateral, -DORSAL] [-C/V, +syllabic, -stress, -long, -consonantal, +sonorant, +continuant, +approximant, -tap, -trill, -nasal, +voice, -spread.gl, -constr.gl, -LABIAL, -round, -labiodental, -CORONAL, -lateral, +DORSAL, -high, -low, +front, -back, +tense] [-C/V, +syllabic, -stress, -long, -consonantal, +sonorant, +continuant, +approximant, -tap, -trill, -nasal, +voice, -spread.gl, -constr.gl, +LABIAL, +round, -labiodental, -CORONAL, -lateral, +DORSAL, -high, -low, -front, +back, +tense] [-begin/end]	∅ -> d / (⋊) __ (t͡s) (ɨ) (s) (e) (o) (⋉)	1253
47	ɨ -> ∅ / [+begin/end] [+C/V, -syllabic, -stress, -long, +consonantal, -sonorant, -continuant, +delayed.release, -approximant, -tap, -trill, -nasal, -voice, -spread.gl, -constr.gl, -LABIAL, -round, -labiodental, +CORONAL, +anterior, -distributed, +strident, -lateral, -DORSAL] __ [+C/V, -syllabic, -stress, -long, +consonantal, -sonorant, +continuant, +delayed.release, -approximant, -tap, -trill, -nasal, -voice, -spread.gl, -constr.gl, -LABIAL, -round, -labiodental, +CORONAL, +anterior, -distributed, +strident, -lateral, -DORSAL] [-C/V, +syllabic, -stress, -long, -consonantal, +sonorant, +continuant, +approximant, -tap, -trill, -nasal, +voice, -spread.gl, -constr.gl, -LABIAL, -round, -labiodental, -CORONAL, -lateral, +DORSAL, -high, -low, +front, -back, +tense] [-C/V, +syllabic, -stress, -long, -consonantal, +sonorant, +continuant, +approximant, -tap, -trill, -nasal, +voice, -spread.gl, -constr.gl, +LABIAL, +round, -labiodental, -CORONAL, -lateral, +DORSAL, -high, -low, -front, +back, +tense] [-begin/end]	ɨ -> ∅ / (⋊) (t͡s) __ (s) (e) (o) (⋉)	1017
48	s -> ∅ / [+begin/end] [+C/V, -syllabic, -stress, -long, +consonantal, -sonorant, -continuant, +delayed.release, -approximant, -tap, -trill, -nasal, -voice, -spread.gl, -constr.gl, -LABIAL, -round, -labiodental, +CORONAL, +anterior, -distributed, +strident, -lateral, -DORSAL] [-C/V, +syllabic, -stress, -long, -consonantal, +sonorant, +continuant, +approximant, -tap, -trill, -nasal, +voice, -spread.gl, -constr.gl, -LABIAL, -round, -labiodental, -CORONAL, -lateral, +DORSAL, +high, -low, -front, -back, +tense] __ [-C/V, +syllabic, -stress, -long, -consonantal, +sonorant, +continuant, +approximant, -tap, -trill, -nasal, +voice, -spread.gl, -constr.gl, -LABIAL, -round, -labiodental, -CORONAL, -lateral, +DORSAL, -high, -low, +front, -back, +tense] [-C/V, +syllabic, -stress, -long, -consonantal, +sonorant, +continuant, +approximant, -tap, -trill, -nasal, +voice, -spread.gl, -constr.gl, +LABIAL, +round, -labiodental, -CORONAL, -lateral, +DORSAL, -high, -low, -front, +back, +tense] [-begin/end]	s -> ∅ / (⋊) (t͡s) (ɨ) __ (e) (o) (⋉)	999
49	e -> i / [+begin/end] [+C/V, -syllabic, -stress, -long, +consonantal, -sonorant, -continuant, +delayed.release, -approximant, -tap, -trill, -nasal, -voice, -spread.gl, -constr.gl, -LABIAL, -round, -labiodental, +CORONAL, +anterior, -distributed, +strident, -lateral, -DORSAL] [-C/V, +syllabic, -stress, -long, -consonantal, +sonorant, +continuant, +approximant, -tap, -trill, -nasal, +voice, -spread.gl, -constr.gl, -LABIAL, -round, -labiodental, -CORONAL, -lateral, +DORSAL, +high, -low, -front, -back, +tense] [+C/V, -syllabic, -stress, -long, +consonantal, -sonorant, +continuant, +delayed.release, -approximant, -tap, -trill, -nasal, -voice, -spread.gl, -constr.gl, -LABIAL, -round, -labiodental, +CORONAL, +anterior, -distributed, +strident, -lateral, -DORSAL] __ [-C/V, +syllabic, -stress, -long, -consonantal, +sonorant, +continuant, +approximant, -tap, -trill, -nasal, +voice, -spread.gl, -constr.gl, +LABIAL, +round, -labiodental, -CORONAL, -lateral, +DORSAL, -high, -low, -front, +back, +tense] [-begin/end]	e -> i / (⋊) (t͡s) (ɨ) (s) __ (o) (⋉)	1017
50	o -> ∅ / [+begin/end] [+C/V, -syllabic, -stress, -long, +consonantal, -sonorant, -continuant, +delayed.release, -approximant, -tap, -trill, -nasal, -voice, -spread.gl, -constr.gl, -LABIAL, -round, -labiodental, +CORONAL, +anterior, -distributed, +strident, -lateral, -DORSAL] [-C/V, +syllabic, -stress, -long, -consonantal, +sonorant, +continuant, +approximant, -tap, -trill, -nasal, +voice, -spread.gl, -constr.gl, -LABIAL, -round, -labiodental, -CORONAL, -lateral, +DORSAL, +high, -low, -front, -back, +tense] [+C/V, -syllabic, -stress, -long, +consonantal, -sonorant, +continuant, +delayed.release, -approximant, -tap, -trill, -nasal, -voice, -spread.gl, -constr.gl, -LABIAL, -round, -labiodental, +CORONAL, +anterior, -distributed, +strident, -lateral, -DORSAL] [-C/V, +syllabic, -stress, -long, -consonantal, +sonorant, +continuant, +approximant, -tap, -trill, -nasal, +voice, -spread.gl, -constr.gl, -LABIAL, -round, -labiodental, -CORONAL, -lateral, +DORSAL, -high, -low, +front, -back, +tense] __ [-begin/end]	o -> ∅ / (⋊) (t͡s) (ɨ) (s) (e) __ (⋉)	1017
51	t͡s -> s / [+begin/end] __ [-C/V, +syllabic, -stress, -long, -consonantal, +sonorant, +continuant, +approximant, -tap, -trill, +nasal, +voice, -spread.gl, -constr.gl, -LABIAL, -round, -labiodental, -CORONAL, -lateral, +DORSAL, -high, +low, -front, -back] [+C/V, -syllabic, -stress, -long, +consonantal, -sonorant, +continuant, +delayed.release, -approximant, -tap, -trill, -nasal, -voice, -spread.gl, -constr.gl, -LABIAL, -round, -labiodental, +CORONAL, +anterior, -distributed, +strident, -lateral, -DORSAL] [-C/V, +syllabic, -stress, -long, -consonantal, +sonorant, +continuant, +approximant, -tap, -trill, -nasal, +voice, -spread.gl, -constr.gl, -LABIAL, -round, -labiodental, -CORONAL, -lateral, +DORSAL, -high, +low, -front, -back] [-begin/end]	t͡s -> s / (⋊) __ (ã) (s) (a) (⋉)	749
52	a -> ã / [+begin/end] [+C/V, -syllabic, -stress, -long, +consonantal, -sonorant, -continuant, +delayed.release, -approximant, -tap, -trill, -nasal, -voice, -spread.gl, -constr.gl, -LABIAL, -round, -labiodental, +CORONAL, +anterior, -distributed, +strident, -lateral, -DORSAL] [-C/V, +syllabic, -stress, -long, -consonantal, +sonorant, +continuant, +approximant, -tap, -trill, +nasal, +voice, -spread.gl, -constr.gl, -LABIAL, -round, -labiodental, -CORONAL, -lateral, +DORSAL, -high, +low, -front, -back] [+C/V, -syllabic, -stress, -long, +consonantal, -sonorant, +continuant, +delayed.release, -approximant, -tap, -trill, -nasal, -voice, -spread.gl, -constr.gl, -LABIAL, -round, -labiodental, +CORONAL, +anterior, -distributed, +strident, -lateral, -DORSAL] __ [-begin/end]	a -> ã / (⋊) (t͡s) (ã) (s) __ (⋉)	773
53	ẽ -> e / [+begin/end] [+C/V, -syllabic, -stress, -long, +consonantal, -sonorant, -continuant, +delayed.release, -approximant, -tap, -trill, -nasal, -voice, -spread.gl, -constr.gl, -LABIAL, -round, -labiodental, +CORONAL, +anterior, -distributed, +strident, -lateral, -DORSAL] __ [+C/V, -syllabic, -stress, -long, +consonantal, -sonorant, +continuant, +delayed.release, -approximant, -tap, -trill, -nasal, -voice, -spread.gl, -constr.gl, -LABIAL, -round, -labiodental, +CORONAL, +anterior, -distributed, +strident, -lateral, -DORSAL] [-C/V, +syllabic, -stress, -long, -consonantal, +sonorant, +continuant, +approximant, -tap, -trill, -nasal, +voice, -spread.gl, -constr.gl, -LABIAL, -round, -labiodental, -CORONAL, -lateral, +DORSAL, -high, -low, +front, -back, +tense] [-begin/end]	ẽ -> e / (⋊) (t͡s) __ (s) (e) (⋉)	781
54	s -> t͡s / X [-C/V, +syllabic, -stress, -long, -consonantal, +sonorant, +continuant, +approximant, -tap, -trill, +voice, -spread.gl, -constr.gl, -labiodental, -CORONAL, -lateral, +DORSAL, -low, +tense] __ [-C/V, +syllabic, -stress, -long, -consonantal, +sonorant, +continuant, +approximant, -tap, -trill, -nasal, +voice, -spread.gl, -constr.gl, -LABIAL, -round, -labiodental, -CORONAL, -lateral, +DORSAL, -low, +front, -back, +tense] X	s -> t͡s / (o|e|u|ɨ|i|õ|ĩ|ũ|ɨ̃|ẽ) __ (e|i)	435
55	s -> t͡s / [+begin/end] [+C/V, -syllabic, -stress, -long, +consonantal, -sonorant, -continuant, +delayed.release, -approximant, -tap, -trill, -nasal, -voice, -spread.gl, -constr.gl, -LABIAL, -round, -labiodental, +CORONAL, +anterior, -distributed, +strident, -lateral, -DORSAL] [-C/V, +syllabic, -stress, -long, -consonantal, +sonorant, +continuant, +approximant, -tap, -trill, +nasal, +voice, -spread.gl, -constr.gl, -LABIAL, -round, -labiodental, -CORONAL, -lateral, +DORSAL, -high, -low, +front, -back, +tense] __ [-C/V, +syllabic, -stress, -long, -consonantal, +sonorant, +continuant, +approximant, -tap, -trill, -nasal, +voice, -spread.gl, -constr.gl, -LABIAL, -round, -labiodental, -CORONAL, -lateral, +DORSAL, -high, -low, +front, -back, +tense] [-begin/end]	s -> t͡s / (⋊) (t͡s) (ẽ) __ (e) (⋉)	765
56	s -> t͡s / [+begin/end] [+C/V, -syllabic, -stress, -long, +consonantal, -sonorant, -continuant, +delayed.release, -approximant, -tap, -trill, -nasal, -voice, -spread.gl, -constr.gl, -LABIAL, -round, -labiodental, +CORONAL, +anterior, -distributed, +strident, -lateral, -DORSAL] [-C/V, +syllabic, -stress, -long, -consonantal, +sonorant, +continuant, +approximant, -tap, -trill, -nasal, +voice, -spread.gl, -constr.gl, +LABIAL, +round, -labiodental, -CORONAL, -lateral, +DORSAL, +high, -low, -front, +back, +tense] __ [-C/V, +syllabic, -stress, -long, -consonantal, +sonorant, +continuant, +approximant, -tap, -trill, -nasal, +voice, -spread.gl, -constr.gl, -LABIAL, -round, -labiodental, -CORONAL, -lateral, +DORSAL, +high, -low, +front, -back, +tense] [-begin/end]	s -> t͡s / (⋊) (t͡s) (u) __ (i) (⋉)	765
57	ɨ -> e / [+begin/end] [+C/V, -syllabic, -stress, -long, +consonantal, -sonorant, -continuant, +delayed.release, -approximant, -tap, -trill, -nasal, -voice, -spread.gl, -constr.gl, -LABIAL, -round, -labiodental, +CORONAL, +anterior, -distributed, +strident, -lateral, -DORSAL] __ [+C/V, -syllabic, -stress, -long, +consonantal, -sonorant, +continuant, +delayed.release, -approximant, -tap, -trill, -nasal, -voice, -spread.gl, -constr.gl, -LABIAL, -round, -labiodental, +CORONAL, +anterior, -distributed, +strident, -lateral, -DORSAL] [-C/V, +syllabic, -stress, -long, -consonantal, +sonorant, +continuant, +approximant, -tap, -trill, -nasal, +voice, -spread.gl, -constr.gl, -LABIAL, -round, -labiodental, -CORONAL, -lateral, +DORSAL, +high, -low, +front, -back, +tense] [-begin/end]	ɨ -> e / (⋊) (t͡s) __ (s) (i) (⋉)	781
58	i -> ɨ / [+begin/end] [+C/V, -syllabic, -stress, -long, +consonantal, -sonorant, -continuant, +delayed.release, -approximant, -tap, -trill, -nasal, -voice, -spread.gl, -constr.gl, -LABIAL, -round, -labiodental, +CORONAL, +anterior, -distributed, +strident, -lateral, -DORSAL] [-C/V, +syllabic, -stress, -long, -consonantal, +sonorant, +continuant, +approximant, -tap, -trill, -nasal, +voice, -spread.gl, -constr.gl, -LABIAL, -round, -labiodental, -CORONAL, -lateral, +DORSAL, +high, -low, -front, -back, +tense] [+C/V, -syllabic, -stress, -long, +consonantal, -sonorant, +continuant, +delayed.release, -approximant, -tap, -trill, -nasal, -voice, -spread.gl, -constr.gl, -LABIAL, -round, -labiodental, +CORONAL, +anterior, -distributed, +strident, -lateral, -DORSAL] __ [-begin/end]	i -> ɨ / (⋊) (t͡s) (ɨ) (s) __ (⋉)	781
59	∅ -> ɡ / [+begin/end] [+C/V, -syllabic, -stress, -long, +consonantal, -sonorant, -continuant, +delayed.release, -approximant, -tap, -trill, -nasal, -voice, -spread.gl, -constr.gl, -LABIAL, -round, -labiodental, +CORONAL, +anterior, -distributed, +strident, -lateral, -DORSAL] [-C/V, +syllabic, -stress, -long, -consonantal, +sonorant, +continuant, +approximant, -tap, -trill, -nasal, +voice, -spread.gl, -constr.gl, +LABIAL, +round, -labiodental, -CORONAL, -lateral, +DORSAL, +high, -low, -front, +back, +tense] [+C/V, -syllabic, -stress, -long, +consonantal, -sonorant, +continuant, +delayed.release, -approximant, -tap, -trill, -nasal, -voice, -spread.gl, -constr.gl, -LABIAL, -round, -labiodental, +CORONAL, +anterior, -distributed, +strident, -lateral, -DORSAL] [-C/V, +syllabic, -stress, -long, -consonantal, +sonorant, +continuant, +approximant, -tap, -trill, -nasal, +voice, -spread.gl, -constr.gl, -LABIAL, -round, -labiodental, -CORONAL, -lateral, +DORSAL, +high, -low, +front, -back, +tense] __ [-begin/end]	∅ -> ɡ / (⋊) (t͡s) (u) (s) (i) __ (⋉)	1017
60	ĩ -> i / [+begin/end] [+C/V, -syllabic, -stress, -long, -consonantal, +sonorant, +continuant, +approximant, -tap, -trill, -nasal, +voice, -spread.gl, -constr.gl, +LABIAL, +round, -labiodental, -CORONAL, -lateral, +DORSAL, +high, -low, -front, +back, +tense] __ [+C/V, -syllabic, -stress, -long, +consonantal, +sonorant, -continuant, -approximant, -tap, -trill, +nasal, +voice, -spread.gl, -constr.gl, -LABIAL, -round, -labiodental, +CORONAL, +anterior, -distributed, -strident, -lateral, -DORSAL] [-C/V, +syllabic, -stress, -long, -consonantal, +sonorant, +continuant, +approximant, -tap, -trill, -nasal, +voice, -spread.gl, -constr.gl, +LABIAL, +round, -labiodental, -CORONAL, -lateral, +DORSAL, -high, -low, -front, +back, +tense] [-begin/end]	ĩ -> i / (⋊) (w) __ (n) (o) (⋉)	745
61	o -> e / [+begin/end] [+C/V, -syllabic, -stress, -long, -consonantal, +sonorant, +continuant, +approximant, -tap, -trill, -nasal, +voice, -spread.gl, -constr.gl, +LABIAL, +round, -labiodental, -CORONAL, -lateral, +DORSAL, +high, -low, -front, +back, +tense] [-C/V, +syllabic, -stress, -long, -consonantal, +sonorant, +continuant, +approximant, -tap, -trill, +nasal, +voice, -spread.gl, -constr.gl, -LABIAL, -round, -labiodental, -CORONAL, -lateral, +DORSAL, +high, -low, +front, -back, +tense] [+C/V, -syllabic, -stress, -long, +consonantal, +sonorant, -continuant, -approximant, -tap, -trill, +nasal, +voice, -spread.gl, -constr.gl, -LABIAL, -round, -labiodental, +CORONAL, +anterior, -distributed, -strident, -lateral, -DORSAL] __ [-begin/end]	o -> e / (⋊) (w) (ĩ) (n) __ (⋉)	745
62	kˀ -> ɡ / [+begin/end] __ [-C/V, +syllabic, -stress, -long, -consonantal, +sonorant, +continuant, +approximant, -tap, -trill, +nasal, +voice, -spread.gl, -constr.gl, -LABIAL, -round, -labiodental, -CORONAL, -lateral, +DORSAL, +high, -low, -front, -back, +tense] [+C/V, -syllabic, -stress, -long, +consonantal, -sonorant, -continuant, -delayed.release, -approximant, -tap, -trill, -nasal, -voice, -spread.gl, -constr.gl, -LABIAL, -round, -labiodental, +CORONAL, +anterior, -distributed, -strident, -lateral, -DORSAL] [-C/V, +syllabic, -stress, -long, -consonantal, +sonorant, +continuant, +approximant, -tap, -trill, -nasal, +voice, -spread.gl, -constr.gl, -LABIAL, -round, -labiodental, -CORONAL, -lateral, +DORSAL, -high, +low, -front, -back] [-begin/end]	kˀ -> ɡ / (⋊) __ (ɨ̃) (t|tʲ) (a) (⋉)	756
63	t -> ɾ / [+begin/end] [+C/V, -syllabic, -stress, -long, +consonantal, -sonorant, -continuant, -delayed.release, -approximant, -tap, -trill, -nasal, -voice, -spread.gl, +constr.gl, -LABIAL, -round, -labiodental, -CORONAL, -lateral, +DORSAL, +high, -low] [-C/V, +syllabic, -stress, -long, -consonantal, +sonorant, +continuant, +approximant, -tap, -trill, +nasal, +voice, -spread.gl, -constr.gl, -LABIAL, -round, -labiodental, -CORONAL, -lateral, +DORSAL, +high, -low, -front, -back, +tense] __ [-C/V, +syllabic, -stress, -long, -consonantal, +sonorant, +continuant, +approximant, -tap, -trill, -nasal, +voice, -spread.gl, -constr.gl, -LABIAL, -round, -labiodental, -CORONAL, -lateral, +DORSAL, -high, +low, -front, -back] [-begin/end]	t -> ɾ / (⋊) (kˀ|ˀk) (ɨ̃) __ (a) (⋉)	732
64	a -> ɨ / [+begin/end] [+C/V, -syllabic, -stress, -long, +consonantal, -sonorant, -continuant, -delayed.release, -approximant, -tap, -trill, -nasal, -voice, -spread.gl, +constr.gl, -LABIAL, -round, -labiodental, -CORONAL, -lateral, +DORSAL, +high, -low] [-C/V, +syllabic, -stress, -long, -consonantal, +sonorant, +continuant, +approximant, -tap, -trill, +nasal, +voice, -spread.gl, -constr.gl, -LABIAL, -round, -labiodental, -CORONAL, -lateral, +DORSAL, +high, -low, -front, -back, +tense] [+C/V, -syllabic, -stress, -long, +consonantal, -sonorant, -continuant, -delayed.release, -approximant, -tap, -trill, -nasal, -voice, -spread.gl, -constr.gl, -LABIAL, -round, -labiodental, +CORONAL, +anterior, -distributed, -strident, -lateral, -DORSAL] __ [-begin/end]	a -> ɨ / (⋊) (kˀ|ˀk) (ɨ̃) (t|tʲ) __ (⋉)	758
